"Keyword","Trends","Impressions"
"insta services","[0,0,3,0,1,0,1,3,1]","9"
"handyman near me prices","[17]","17"
"the handyman movie","[11,11]","22"
"home handyman services","[12,18]","30"
"electrical handyman near me","[16,20]","36"
"handy man services","[0,13,14,13]","40"
"bathroom remodel handyman near me","[13,18,12]","43"
"garden handyman near me","[2,2,1,5,2,1,3,2,9,7,2,7]","43"
"garage cleaning service","[13,17,15]","45"
"licensed handyman near me","[14,11,20]","45"
"do it yourself website","[13,17,15]","45"
"handyman hardware florissant","[22,24]","46"
"handyman app","[13,12,11,14]","50"
"handyman la conner wa","[50]","50"
"insta service","[5,4,8,5,7,6,11,3,3,3,2,4,4]","65"
"reliable handyman near me","[13,13,10,12,19]","67"
"ace hardware home services","[20,27,23]","70"
"instaservice","[14,9,5,6,6,6,6,11,7,7]","77"
"handyman jobs steady work australia","[24,25,30]","79"
"family handyman customer service","[20,21,18,22]","81"
"handyman legend","[4,15,6,2,1,3,8,7,8,5,15,3,5]","82"
"aceservices","[0,0,0,0,0,0,0,0,30,0,0,21,32]","83"
"handyman jobs australia permanent","[26,26,31]","83"
"mr handy","[14,14,21,12,13,8,13]","95"
"list of handyman near me","[8,8,9,3,7,8,5,1,4,6,12,13,15]","99"
"handys","[10,4,10,9,3,7,4,15,9,14,4,5,8]","102"
"handyman services melbourne","[22,26,26,31]","105"
"handyman leeds odd jobs","[26,21,22,37]","106"
"handyman in my area","[0,22,0,15,17,19,15,18]","106"
"hany","[9,6,6,9,4,8,2,11,4,16,6,13,13]","107"
"best handyman near me","[15,14,16,21,15,15,0,21]","117"
"local handyman london","[20,25,24,25,32]","126"
"handyman birmingham","[23,26,22,26,29]","126"
"handyman for small jobs sydney","[24,22,25,25,30]","126"
"handyman for small jobs adelaide","[20,20,27,27,32]","126"
"handyman jobs near me full time employed","[21,26,24,29,27]","127"
"handyman odd jobs australia extra income","[21,26,25,25,31]","128"
"handyman hal videos","[41,29,20,20,19]","129"
"handyman service glasgow","[21,27,22,29,31]","130"
"handyman glasgow odd jobs","[28,24,23,25,30]","130"
"handyman small jobs sydney","[20,24,27,28,31]","130"
"handyman for small jobs","[0,0,0,0,0,23,25,25,31,30]","134"
"handyman fantasy","[14,15,10,15,5,15,5,9,1,11,14,14,7]","135"
"handyman meaning","[13,8,7,13,16,10,6,13,10,7,10,11,12]","136"
"handyman jobs australia mature age","[22,21,21,22,23,30]","139"
"handyman roof repair near me","[15,13,12,13,11,15,18,23,20]","140"
"handyman near me for odd jobs","[27,20,41,62]","150"
"yard work handyman","[18,21,26,25,21,22,22]","155"
"handy.com","[21,16,22,16,22,21,14,12,13]","157"
"handman","[18,15,8,17,14,12,11,15,20,19,17,12,10]","188"
"ace construction","[14,7,22,14,11,13,17,20,17,14,10,19,16]","194"
"repairman","[17,13,17,14,15,20,11,13,18,13,16,13,15]","195"
"reasonably priced handyman near me","[26,20,21,14,21,30,18,17,12,13,14]","206"
"handyman jobs","[21,20,12,18,21,17,12,11,19,18,14,12,23]","218"
"handyman jobs near me","[20,14,8,41,37,25,39,40]","224"
"ace hardware handyman","[20,0,0,21,29,0,33,20,0,27,25,28,27]","230"
"repairs and maintenance","[27,21,17,19,16,23,26,19,14,14,15,8,13]","232"
"handy man hal","[20,21,20,17,20,25,19,25,30,21,24]","242"
"the handyman","[13,17,18,19,16,17,21,34,20,14,16,18,20]","243"
"handyman near me services","[20,27,20,33,18,23,39,24,26,18]","248"
"ace hardware services","[28,22,24,23,22,19,25,39,37,21]","260"
"local handyman near me","[15,26,18,18,14,20,16,21,18,21,24,22,34]","267"
"deck repair handyman near me","[20,16,17,27,31,27,25,35,23,34,16]","271"
"diy home","[43,0,13,30,0,3,24,23,9,68,27,9,23]","272"
"home service","[32,18,22,31,18,18,17,21,31,24,25,25,18]","300"
"family handyman magazine","[24,36,39,40,42,38,25,31,28,23,31]","357"
"home maintenance","[29,27,28,33,35,27,35,35,25,28,21,19,25]","367"
"ace hardware handyman services near me","[26,28,28,34,26,36,27,25,40,35,20,46]","371"
"ace handyman","[28,20,27,19,24,34,30,28,37,30,68,0,32]","377"
"handy man near me","[27,33,31,35,25,27,31,27,43,29,32,26,19]","385"
"handyman saitou in another world","[24,30,24,33,33,22,26,29,25,23,24,42,86]","421"
"diy home improvement","[76,11,17,67,0,7,41,26,8,87,30,15,43]","428"
"ace home services","[20,35,32,28,31,26,46,21,45,40,36,29,39]","428"
"handyman near me small jobs","[14,23,32,57,24,31,40,34,27,31,33,39,47]","432"
"handyman connection","[30,38,29,50,32,33,29,39,31,43,33,26,36]","449"
"local handyman","[28,29,19,35,34,38,29,29,33,45,41,49,49]","458"
"home repair services","[47,39,48,56,43,34,49,42,34,43,34,36,59]","564"
"mr. handyman","[45,31,37,49,41,52,42,55,58,45,52,50,31]","588"
"local handyman services near me","[26,42,34,48,51,39,49,36,59,57,50,63,48]","602"
"home diy","[92,12,13,82,10,63,32,193,25,83]","605"
"handyman hardware","[34,49,53,69,51,50,59,53,51,56,52,93,58]","728"
"family handyman website","[47,44,57,58,45,68,56,67,62,47,68,60,58]","737"
"ace handyman services near me","[48,50,62,60,53,48,74,67,66,43,66,58,70]","765"
"mr handyman near me","[38,56,65,70,75,79,67,70,72,56,64,44,48]","804"
"the handy","[68,72,73,66,59,71,62,51,43,66,63,88,59]","841"
"acenet services","[76,61,93,80,68,76,86,50,82,54,69,50,70]","915"
"handy man","[83,61,81,94,59,69,79,76,74,57,75,70,73]","951"
"thumbtack handyman","[49,62,71,71,85,93,101,83,86,64,62,87,70]","984"
"family handyman","[89,70,84,67,85,72,91,82,81,75,75,77,76]","1024"
"do it yourself","[90,68,102,78,75,64,107,89,72,48,102,77,63]","1035"
"task rabbits near me","[79,66,76,71,77,76,92,77,68,104,100,99,91]","1076"
"carpenters near me","[97,81,98,90,74,88,103,81,87,99,106,116,85]","1205"
"home repair","[151,67,43,199,56,59,113,90,61,204,59,46,118]","1266"
"handyman services in my area","[83,83,106,87,106,95,115,106,89,107,142,85,87]","1291"
"mr handyman","[104,131,147,149,146,160,156,149,137,167,129,153,109]","1837"
"bamboo handy","[152,165,169,151,177,148,182,181,164,151,126,110,129]","2005"
"handyman services near me","[131,167,211,238,148,162,234,181,186,148,185,183,133]","2307"
"hanks","[200,180,184,217,178,189,192,181,187,168,184,195,177]","2432"
"ace handyman services","[173,187,229,248,180,190,186,201,178,182,240,199,173]","2566"
"handyman services","[180,221,200,231,178,202,213,209,239,232,222,253,266]","2846"
"ace hardware.com","[192,244,222,209,239,238,249,263,251,264,254,265,252]","3142"
"handy","[246,275,245,294,236,267,223,235,262,265,253,271,231]","3303"
"handyman hal","[240,274,265,221,228,279,268,264,314,239,246,243,235]","3316"
"hal","[312,335,344,346,301,338,372,303,385,335,317,300,275]","4263"
"mr cool","[315,387,370,349,352,380,416,385,358,359,331,534,457]","4993"
"watch repair near me","[570,559,540,560,504,528,547,511,571,558,595,569,621]","7233"
"handyman near me","[963,1107,877,988,1026,927,942,1042,987,1007,992,896,845]","12599"
"task rabbit","[1159,1193,1158,1208,1175,1160,1269,1266,1324,1317,1222,1273,1300]","16024"
"diy","[2945,852,3499,3009,2340,928,2744,2411,2153,1427,3632,2158,2181]","30279"
"diy home improvement ideas","[772,294,769,3984,4304,313,803,385,652,4540,17751,3991,7376]","45934"
"yamaha","[3819,3959,2818,3008,3006,3746,3938,4109,3946,3596,3759,3693,3470]","46867"
"supply house","[4722,4540,4755,4612,4411,4305,4469,4389,4250,4154,4318,4267,3690]","56882"
"ace hardware near me","[4872,5036,4636,4848,4947,5497,5950,5747,5567,5615,5460,5872,6441]","70488"
"ace hardware website","[2551,2654,5261,7428,8865,19278,20956,21687,22702,11131,5262,5131,5673]","138579"
"maintenance","[12448,12377,11823,11817,11990,12381,12790,12387,12959,12852,11962,11614,10438]","157838"
"ace hardware","[52841,54664,53656,59463,58085,47545,49158,49131,47924,60310,67930,70024,66951]","737682"
"home depot","[790685,805203,789178,841461,812434,838352,887194,855396,833487,848906,841413,882200,831365]","10857274"
