Top queries,Clicks,Impressions,CTR,Position
knight group,0,24,0%,8.38
plumber knights fl,0,7,0%,42.71
handyman company pinellas,0,5,0%,26.6
general contractors pinellas county,0,5,0%,61
knight & sons mobile home repairs website,0,2,0%,2.5
knight services llc,0,2,0%,6
knights handyman services,0,2,0%,11.5
handyman pinellas county,0,2,0%,13
sink repair clearwater,0,2,0%,20.5
knight furniture,0,1,0%,1
knight maintenance,0,1,0%,1
knight company,0,1,0%,3
knightgroup,0,1,0%,7
david reitmeyer safety harbor fl,0,1,0%,11
carpentry services near me,0,1,0%,12
handyman pinellas county fl,0,1,0%,12
knights home repair,0,1,0%,16
plumbing repair,0,1,0%,17
gutter installation safety harbor fl,0,1,0%,21
plumbing services in pinellas county,0,1,0%,44
construction company pinellas county,0,1,0%,56
handyman near me small jobs,0,1,0%,61
fast response toilet repair maitland,0,1,0%,64
knight contracting group,0,1,0%,72
roof replacement service,0,1,0%,161